id,cat1,cat2,cat3,cat4,cat5,cat6,cat7,cat8,cat9,cat10,cat11,cat12,cat13,cat14,cat15,cat16,cat17,cat18,cat19,cat20,cat21,cat22,cat23,cat24,cat25,cat26,cat27,cat28,cat29,cat30,cat31,cat32,cat33,cat34,cat35,cat36,cat37,cat38,cat39,cat40,cat41,cat42,cat43,cat44,cat45,cat46,cat47,cat48,cat49,cat50,cat51,cat52,cat53,cat54,cat55,cat56,cat57,cat58,cat59,cat60,cat61,cat62,cat63,cat64,cat65,cat66,cat67,cat68,cat69,cat70,cat71,cat72,cat73,cat74,cat75,cat76,cat77,cat78,cat79,cat80,cat81,cat82,cat83,cat84,cat85,cat86,cat87,cat88,cat89,cat90,cat91,cat92,cat93,cat94,cat95,cat96,cat97,cat98,cat99,cat100,cat101,cat102,cat103,cat104,cat105,cat106,cat107,cat108,cat109,cat110,cat111,cat112,cat113,cat114,cat115,cat116,cont1,cont2,cont3,cont4,cont5,cont6,cont7,cont8,cont9,cont10,cont11,cont12,cont13,cont14,loss
1,A,B,A,B,A,A,A,A,B,A,B,A,A,A,A,A,A,A,A,A,A,A,B,A,A,A,A,A,A,A,A,A,A,A,A,A,A,A,A,A,A,A,A,A,A,A,A,A,A,A,A,A,A,A,A,A,A,A,A,A,A,A,A,A,A,A,A,A,A,A,A,A,A,A,B,A,D,B,B,D,D,B,D,C,B,D,B,A,A,A,A,A,D,B,C,E,A,C,T,B,G,A,A,I,E,G,J,G,BU,BC,C,AS,S,A,O,LB,0.7263,0.245921,0.187583,0.789639,0.310061,0.718367,0.33506,0.3026,0.67135,0.8351,0.569745,0.594646,0.822493,0.714843,2213.18
2,A,B,A,A,A,A,A,A,B,B,A,A,A,A,A,A,A,A,A,A,A,A,A,A,A,A,A,A,A,A,A,A,A,A,A,A,A,A,A,A,A,A,A,A,A,A,A,A,A,A,A,A,A,A,A,A,A,A,A,A,A,A,A,A,A,A,A,A,A,A,A,A,A,A,A,A,D,B,B,D,D,A,B,C,B,D,B,A,A,A,A,A,D,D,C,E,E,D,T,L,F,A,A,E,E,I,K,K,BI,CQ,A,AV,BM,A,O,DP,0.330514,0.737068,0.592681,0.614134,0.885834,0.438917,0.436585,0.60087,0.35127,0.43919,0.338312,0.366307,0.611431,0.304496,1283.6
5,A,B,A,A,B,A,A,A,B,B,B,B,B,A,A,A,A,A,A,A,A,A,A,A,A,A,A,A,A,A,A,A,A,A,A,B,A,A,A,A,A,A,A,A,A,A,A,A,A,A,A,A,A,A,A,A,A,A,A,A,A,A,A,A,A,A,A,A,A,A,A,A,A,A,A,A,D,B,B,B,D,B,D,C,B,B,B,A,A,A,A,A,D,D,C,E,E,A,D,L,O,A,B,E,F,H,F,A,AB,DK,A,C,AF,A,I,GK,0.261841,0.358319,0.484196,0.236924,0.397069,0.289648,0.315545,0.2732,0.26076,0.32446,0.381398,0.373424,0.195709,0.774425,3005.09
10,B,B,A,B,A,A,A,A,B,A,A,A,A,A,A,A,A,A,A,A,A,A,B,A,A,A,A,A,A,A,A,A,A,A,A,A,A,A,A,A,A,A,A,A,A,A,A,A,A,A,A,A,A,A,A,A,A,A,A,A,A,A,A,A,A,A,A,A,A,A,A,A,B,A,A,A,D,B,B,D,D,D,B,C,B,D,B,A,A,A,A,A,D,D,C,E,E,D,T,I,D,A,A,E,E,I,K,K,BI,CS,C,N,AE,A,O,DJ,0.321594,0.555782,0.527991,0.373816,0.422268,0.440945,0.391128,0.31796,0.32128,0.44467,0.327915,0.32157,0.605077,0.602642,939.85
11,A,B,A,B,A,A,A,A,B,B,A,B,A,A,A,A,A,A,A,A,A,A,B,A,A,A,A,A,A,A,A,A,A,A,A,A,A,A,A,A,A,A,A,A,A,A,A,A,A,A,A,A,A,A,A,A,A,A,A,A,A,A,A,A,A,A,A,A,A,A,A,B,A,A,A,A,D,B,D,B,D,B,B,C,B,B,C,A,A,A,B,H,D,B,D,E,E,A,P,F,J,A,A,D,E,K,G,B,H,C,C,Y,BM,A,K,CK,0.273204,0.15999,0.527991,0.473202,0.704268,0.178193,0.247408,0.24564,0.22089,0.2123,0.204687,0.202213,0.246011,0.432606,2763.85
13,A,B,A,A,A,A,A,A,B,A,A,A,A,A,A,A,A,A,A,A,A,A,A,A,A,A,A,A,A,A,A,A,A,A,A,A,A,A,A,A,A,A,A,A,A,A,A,A,A,A,A,A,A,A,A,A,A,A,A,A,A,A,A,A,A,A,A,A,A,A,A,B,A,A,A,A,D,B,D,B,D,B,B,C,B,B,B,A,A,A,A,A,D,D,D,E,C,A,P,J,D,A,A,E,E,H,F,B,BI,CS,A,AS,AE,A,K,DJ,0.54667,0.681761,0.634224,0.373816,0.302678,0.364464,0.401162,0.26847,0.46226,0.50556,0.366788,0.359249,0.345247,0.726792,5142.87
14,A,A,A,A,B,A,A,A,A,A,A,A,A,A,A,A,A,A,A,A,A,A,A,A,A,A,A,A,A,A,A,A,A,A,A,B,A,A,A,A,B,A,A,A,A,A,A,A,A,A,A,A,A,A,A,A,A,A,A,A,A,A,A,A,A,A,A,A,A,A,A,A,A,A,A,A,D,B,B,D,D,B,D,C,B,B,B,A,A,A,A,A,D,D,D,E,C,A,P,J,A,A,C,E,E,H,F,B,BI,DK,A,J,AF,A,K,DJ,0.471447,0.737068,0.61366,0.189137,0.295397,0.381515,0.363768,0.24564,0.40455,0.47225,0.334828,0.352251,0.342239,0.382931,1132.22
20,A,B,A,B,A,A,A,A,B,A,A,A,A,A,A,A,A,A,A,A,A,A,B,A,A,A,A,B,A,A,A,B,A,A,A,A,A,A,A,A,A,A,A,A,A,A,A,A,A,A,A,A,A,A,A,A,A,A,A,A,A,A,A,A,A,A,A,A,A,A,A,A,A,A,A,A,D,B,D,B,D,A,B,C,B,D,C,D,A,A,A,A,C,B,C,E,A,C,T,H,C,A,A,K,F,F,I,G,BI,EB,G,AH,Y,A,P,LO,0.826591,0.488789,0.26357,0.62377,0.473767,0.867021,0.583389,0.90267,0.84847,0.80218,0.644013,0.785706,0.859764,0.242416,3585.75
23,A,B,B,B,B,A,A,A,B,B,B,B,B,A,A,B,A,A,A,A,A,A,B,A,A,A,A,A,A,A,A,A,A,A,A,B,A,B,A,A,A,A,A,A,A,A,A,A,A,A,A,A,A,A,A,A,A,A,A,A,A,A,A,A,A,A,A,A,A,A,A,B,A,A,A,A,D,B,D,B,B,B,B,C,B,D,D,A,A,B,A,A,D,C,C,E,C,D,T,C,Q,A,C,H,F,G,M,K,BI,BC,C,K,AX,A,Q,IE,0.330514,0.555782,0.440642,0.473202,0.281143,0.628534,0.384099,0.61229,0.38249,0.51111,0.682315,0.669033,0.756454,0.361191,10280.2
24,A,B,A,A,B,B,A,A,B,A,A,A,A,A,A,A,A,A,A,A,A,A,A,A,A,A,A,A,A,A,A,A,A,A,A,B,A,B,B,B,A,B,A,A,A,A,A,A,A,B,A,B,A,A,A,A,A,A,A,A,A,A,A,A,A,A,A,A,A,A,A,A,A,A,A,A,D,B,B,B,B,B,B,C,B,D,C,D,A,A,B,H,D,B,C,E,A,C,T,F,D,A,F,K,H,G,J,G,BU,DW,A,U,S,J,O,LY,0.7263,0.358319,0.356819,0.802892,0.310061,0.713343,0.469223,0.3026,0.67135,0.8351,0.863052,0.879347,0.822493,0.294523,6184.59
25,A,B,A,A,A,A,A,A,B,B,B,B,B,A,A,A,A,A,A,A,A,A,A,A,A,A,A,A,A,A,A,A,A,A,A,A,A,A,A,A,A,A,A,A,A,A,A,A,A,A,A,A,A,A,A,A,A,A,A,A,A,A,A,A,A,A,A,A,A,A,A,A,A,A,A,A,D,B,B,D,D,B,B,A,B,B,B,A,A,A,G,H,D,D,D,E,A,A,P,H,Q,A,A,F,G,G,F,D,BI,AM,A,AS,H,A,K,GS,0.496063,0.358319,0.65431,0.284048,0.281143,0.429383,0.877905,0.39455,0.53565,0.50556,0.550529,0.538473,0.336261,0.715009,6396.85
33,A,B,A,A,B,A,A,A,B,B,A,B,B,A,A,A,A,A,A,A,A,A,A,A,A,A,A,A,A,A,A,A,A,A,A,B,A,A,A,A,A,A,A,A,A,A,A,A,A,A,A,A,A,A,A,A,A,A,A,A,A,A,A,A,A,A,A,A,A,A,A,A,A,A,B,A,D,B,D,B,D,A,D,C,B,B,D,A,A,A,A,A,C,B,D,E,C,A,P,H,M,A,B,G,I,I,F,B,BI,AI,A,E,AX,A,K,HK,0.520698,0.422197,0.634224,0.432728,0.508483,0.314683,0.370419,0.58354,0.46226,0.38016,0.644013,0.665644,0.339244,0.799124,5965.73
34,B,A,A,A,B,A,A,A,A,A,A,A,A,A,A,A,A,A,A,A,A,A,A,A,A,A,A,A,A,A,A,A,A,A,A,A,A,B,A,A,A,A,A,A,A,A,A,A,A,A,A,A,A,A,A,A,A,A,A,A,A,A,A,A,A,A,A,A,A,A,A,A,A,A,A,A,D,B,B,D,D,B,B,C,B,D,B,A,A,A,B,H,D,D,C,E,E,D,T,F,A,A,B,E,E,I,K,K,BI,CS,A,E,AE,A,O,DJ,0.321594,0.555782,0.527991,0.373816,0.302678,0.408772,0.363312,0.32843,0.32128,0.44467,0.327915,0.32157,0.605077,0.818358,1193.05
41,B,A,A,A,B,B,A,A,A,A,A,A,A,A,A,A,A,A,A,A,A,A,A,A,A,A,A,A,A,A,A,A,A,A,A,A,B,A,A,A,A,A,A,A,A,A,A,A,A,B,A,A,A,A,A,A,A,A,A,A,A,A,A,A,A,A,A,A,A,A,A,A,B,A,A,A,D,B,B,D,D,B,B,C,B,B,B,A,A,A,B,A,D,B,C,E,E,A,D,I,A,A,B,D,E,J,G,A,AB,EG,A,AK,K,E,K,DC,0.351358,0.555782,0.440642,0.83324,0.811271,0.241574,0.255339,0.58934,0.32496,0.26029,0.257148,0.253044,0.276878,0.477578,1071.77
47,A,A,A,A,B,A,A,A,A,A,A,A,A,A,A,A,A,A,A,A,A,A,A,A,A,A,A,A,A,A,A,A,A,A,A,A,A,A,B,A,A,A,A,A,A,A,A,A,A,A,A,A,A,A,A,A,A,A,A,A,A,A,A,A,A,A,A,A,A,A,A,A,A,A,A,A,D,B,B,D,D,D,B,C,B,D,B,D,A,A,B,H,D,B,C,E,G,C,T,F,A,A,B,P,F,E,H,G,BI,EG,A,AH,L,A,P,MP,0.894333,0.299102,0.094942,0.722125,0.281143,0.894903,0.586433,0.80058,0.93383,0.7877,0.880469,0.871011,0.822493,0.251278,585.18
48,A,A,A,A,B,B,A,A,A,A,A,A,A,A,A,A,A,A,A,A,A,A,A,A,A,A,A,A,A,A,A,A,A,A,A,A,B,A,A,A,A,A,A,A,A,A,A,A,A,B,A,A,A,A,A,A,A,A,A,A,A,A,A,A,A,A,A,A,A,A,A,A,A,A,A,A,D,B,B,D,D,D,B,A,B,D,B,A,A,A,G,H,D,D,C,E,C,D,T,F,A,A,B,E,E,G,H,K,BI,CQ,A,AI,BM,C,L,DS,0.472892,0.681761,0.484196,0.442784,0.281143,0.570733,0.547756,0.80438,0.44352,0.63026,0.385085,0.377003,0.51666,0.340325,1395.45
49,A,B,B,A,A,A,A,A,B,B,B,B,B,A,A,B,A,A,A,A,A,A,A,A,A,A,A,A,A,A,A,A,A,A,A,A,A,A,A,A,A,A,A,A,A,A,A,A,A,A,A,A,A,A,A,A,A,A,A,A,A,A,A,A,A,A,A,A,A,A,A,B,A,A,A,A,D,B,D,B,D,B,B,C,B,B,D,A,A,B,A,A,D,D,D,E,C,A,P,L,Q,A,A,E,F,G,F,B,BI,CL,A,AE,A,A,J,DJ,0.424162,0.737068,0.80643,0.259793,0.525831,0.411902,0.593548,0.31796,0.38846,0.48889,0.457203,0.447145,0.301535,0.205651,6609.32
51,A,A,A,A,A,B,A,A,A,A,A,A,A,A,A,A,A,A,A,A,A,A,A,A,A,A,A,A,A,A,A,A,A,A,A,A,A,A,A,A,A,A,A,A,A,A,A,A,A,B,A,A,B,A,A,A,A,A,A,A,A,A,A,A,A,A,A,A,A,A,A,A,A,A,A,A,D,B,B,D,D,B,B,C,B,D,B,D,A,A,A,A,D,B,C,E,E,C,T,J,A,A,A,I,F,F,G,G,BU,BC,A,A,S,F,O,LE,0.834747,0.488789,0.246911,0.83324,0.551723,0.688705,0.437192,0.67263,0.83505,0.59334,0.678924,0.665644,0.684242,0.407411,2658.7
52,A,A,B,A,A,B,A,A,A,A,A,A,A,A,A,A,A,A,B,A,A,A,A,A,A,A,A,A,A,A,A,A,A,A,A,A,A,A,A,A,A,A,A,A,A,A,A,A,A,B,A,A,B,A,A,A,A,A,A,A,A,A,A,A,A,A,A,A,A,A,A,B,A,A,A,A,D,B,D,B,D,D,B,C,B,B,B,A,A,B,C,A,D,D,D,E,A,A,P,M,A,A,A,G,G,G,F,D,BI,CS,A,AV,J,F,K,HQ,0.488816,0.422197,0.592681,0.452887,0.281143,0.443265,0.637086,0.36636,0.52938,0.39068,0.678924,0.665644,0.30435,0.310796,4167.32
55,A,A,A,B,A,A,A,A,A,A,A,A,A,A,A,A,A,A,A,A,A,A,B,A,B,A,A,A,A,A,A,A,A,A,A,A,A,A,A,A,A,A,A,A,A,A,A,A,A,A,A,A,A,A,A,A,A,A,A,A,A,A,A,A,A,A,A,A,A,A,A,A,A,A,B,A,D,B,B,D,D,B,B,C,B,D,B,A,A,A,B,H,D,B,C,E,C,D,T,F,A,A,A,G,E,I,K,K,BI,BS,E,L,BM,A,R,HJ,0.391956,0.15999,0.26357,0.432728,0.602545,0.436312,0.544355,0.48864,0.36285,0.20496,0.388786,0.40609,0.648701,0.830931,3797.89
57,B,B,A,B,A,A,A,A,B,A,A,A,A,A,A,A,A,A,A,A,A,A,B,A,A,A,A,A,A,A,A,A,A,A,A,A,A,A,A,A,A,A,A,A,A,A,A,A,A,A,A,A,A,A,A,A,A,A,A,A,A,A,A,A,A,A,A,A,A,A,A,A,B,A,A,A,D,B,B,D,D,D,B,C,B,D,B,A,A,A,A,A,D,D,C,E,E,D,T,I,D,A,A,E,E,I,K,K,BI,CS,C,F,AE,A,O,DJ,0.338258,0.785784,0.65431,0.373816,0.718531,0.441525,0.437192,0.31796,0.32128,0.44467,0.377724,0.369858,0.605077,0.74381,1155.48
60,A,A,A,B,A,B,A,A,A,A,A,A,A,A,A,A,A,A,A,A,A,A,A,A,A,A,B,A,A,A,A,A,A,A,A,A,A,A,A,A,A,A,A,A,A,A,A,A,B,A,A,A,A,A,A,A,A,A,A,A,A,A,A,A,A,A,A,A,A,A,A,B,B,A,A,A,D,B,B,D,D,B,B,C,B,D,B,A,A,A,A,A,D,D,C,E,E,D,T,I,A,A,A,F,F,J,L,K,BI,AI,C,AP,Y,E,P,GC,0.283689,0.488789,0.506105,0.463029,0.534484,0.349885,0.381185,0.81542,0.32311,0.36458,0.453334,0.454705,0.651733,0.354002,891.14
61,B,A,A,A,B,B,A,A,A,A,A,A,A,A,A,A,A,A,A,A,A,A,A,A,A,A,A,A,A,A,A,A,A,A,A,A,B,A,A,A,A,A,A,A,A,A,A,A,A,B,A,B,A,A,A,A,A,A,A,A,A,A,A,A,A,A,A,A,A,A,A,A,A,A,A,A,D,B,B,D,D,D,D,C,B,B,B,A,A,A,A,A,D,D,E,E,D,A,S,I,A,A,B,C,D,L,K,I,BI,EB,A,AS,AE,F,N,BY,0.125526,0.620805,0.61366,0.236924,0.281143,0.183243,0.25356,0.40028,0.21374,0.19431,0.167024,0.165648,0.40452,0.725941,765.97
66,B,A,A,B,A,A,A,A,A,A,A,A,A,A,A,A,A,A,A,A,A,A,B,A,B,B,B,A,A,A,A,A,A,A,A,A,A,A,A,A,A,A,A,A,A,A,A,A,A,A,A,A,A,A,A,A,A,A,A,A,A,A,A,A,A,A,A,A,A,A,A,A,B,A,A,A,D,B,B,D,D,B,B,C,B,B,B,A,A,A,G,H,D,D,D,E,C,A,P,I,A,A,A,E,E,H,F,B,BI,CS,I,AD,BM,A,K,DP,0.475784,0.785784,0.592681,0.614134,0.78323,0.3735,0.381883,0.36083,0.44352,0.45017,0.338312,0.366307,0.339244,0.793518,771.58
73,B,A,A,A,A,A,A,A,A,A,A,A,A,A,A,A,A,A,A,A,A,A,A,A,A,A,A,A,A,A,A,A,A,A,A,A,A,A,A,A,A,A,A,A,A,A,A,A,A,A,A,A,A,A,A,A,A,A,A,A,A,A,A,A,A,A,A,A,A,A,A,B,A,A,A,C,C,A,A,A,A,A,A,C,A,B,A,A,A,A,A,A,C,D,C,E,C,A,D,A,A,A,A,H,I,G,F,A,BI,BT,A,AF,AF,A,I,HX,0.378225,0.785784,0.762059,0.259793,0.543117,0.38207,0.451203,0.33906,0.479,0.54433,0.812519,0.800726,0.246011,0.215055,7256.49
76,A,A,A,B,A,A,A,A,A,A,A,A,A,A,A,A,A,A,A,A,A,A,A,A,B,B,A,A,A,A,A,A,A,A,A,A,A,A,A,A,A,A,A,A,A,A,A,A,A,A,A,A,A,A,A,A,A,A,A,A,A,A,A,A,A,A,A,A,A,A,A,A,A,A,A,A,D,B,B,D,B,B,B,C,B,B,B,A,A,A,A,A,D,D,D,E,A,A,P,J,A,A,A,G,E,F,F,B,BI,EB,E,AV,AK,A,K,HL,0.57381,0.422197,0.26357,0.229617,0.281143,0.592478,0.496452,0.29758,0.46226,0.51111,0.434083,0.424625,0.3574,0.311644,1528.73
86,A,A,A,A,A,B,A,A,A,A,A,A,A,A,A,A,A,A,A,A,A,A,A,A,A,A,A,A,A,A,A,A,A,A,A,A,A,A,A,A,A,A,A,A,A,A,A,A,A,B,A,A,A,A,A,A,A,A,A,A,A,A,A,A,A,A,A,A,A,A,A,B,A,A,A,A,D,B,B,D,B,B,B,C,B,B,B,A,A,A,A,A,D,D,D,E,C,A,P,G,A,A,A,F,F,G,G,D,BI,EG,A,AL,H,E,K,GS,0.296829,0.358319,0.65431,0.284048,0.281143,0.435733,0.769905,0.60087,0.40252,0.28677,0.550529,0.538473,0.298734,0.698006,4787.07
89,B,A,A,B,A,A,A,A,A,A,A,A,A,A,A,A,A,A,A,A,A,A,A,A,B,A,A,A,A,A,B,A,A,A,A,A,A,A,A,A,A,A,A,A,A,A,A,A,A,A,A,A,A,A,A,A,A,A,A,A,A,A,A,A,A,A,A,A,A,A,A,A,B,A,A,A,D,B,B,D,D,B,B,C,B,B,B,A,A,A,B,A,D,D,D,E,C,A,P,I,A,A,A,E,E,H,F,B,BI,CS,E,E,BM,A,K,DJ,0.475784,0.620805,0.462347,0.534409,0.889301,0.3735,0.356037,0.36083,0.44352,0.45017,0.291268,0.295524,0.339244,0.804795,2163.97
90,A,B,A,B,A,B,A,A,B,A,A,A,A,A,A,A,A,A,A,A,A,A,B,B,A,A,B,A,A,A,A,A,A,A,A,A,A,A,A,A,A,A,A,A,A,A,A,A,A,B,A,A,A,A,A,A,A,A,A,A,A,A,A,A,A,A,A,A,A,A,A,B,A,A,A,A,D,B,D,B,D,B,B,C,B,C,B,A,A,A,D,A,D,D,E,E,G,E,R,O,C,A,A,G,F,G,I,F,BI,EB,G,AN,AE,C,N,HK,0.645422,0.299102,0.527991,0.327354,0.422268,0.671307,0.464924,0.33906,0.62542,0.66076,0.6075,0.594646,0.678452,0.285224,11673.03
93,A,A,A,A,B,A,A,A,A,A,A,A,A,A,A,A,A,A,A,A,A,A,A,A,A,A,A,A,A,A,A,A,A,A,A,A,A,A,A,A,A,A,A,B,A,A,B,A,A,A,A,A,A,A,A,A,A,A,A,A,A,A,A,A,A,A,A,A,A,A,A,B,B,A,A,B,D,B,B,D,B,B,D,C,B,C,B,A,A,A,A,A,D,B,E,E,G,E,R,I,A,A,C,G,E,H,J,F,AB,EB,A,U,N,A,M,HG,0.477231,0.488789,0.246911,0.463029,0.281143,0.557431,0.402942,0.34445,0.52728,0.79139,0.377724,0.369858,0.687115,0.297788,1753.5
100,B,B,A,A,A,A,A,A,B,A,A,A,A,A,A,A,A,A,A,A,A,A,A,A,A,A,A,A,A,A,A,A,A,A,A,A,A,A,A,A,A,A,A,A,A,A,A,A,A,A,A,A,A,A,A,A,A,A,A,A,A,A,A,A,A,A,A,A,A,A,A,B,A,A,A,A,D,B,B,B,D,B,B,C,B,D,D,A,A,A,A,A,D,D,C,E,C,D,T,J,C,A,A,G,F,G,J,K,BI,CO,A,N,AX,A,N,HK,0.45271,0.488789,0.54977,0.432728,0.281143,0.577059,0.582429,0.65663,0.4832,0.57716,0.625936,0.612906,0.617748,0.598847,4521.12
105,B,A,A,A,B,A,A,A,A,A,A,A,A,A,A,A,A,A,A,A,A,A,A,A,A,A,A,A,A,A,A,A,A,A,A,B,A,B,A,B,B,A,A,A,A,A,A,A,A,A,A,A,A,A,A,A,A,A,A,A,A,A,A,A,A,A,A,A,A,A,A,A,A,A,B,A,D,B,B,D,D,B,B,C,B,B,B,A,A,A,G,H,D,D,D,E,A,A,P,A,A,A,E,K,H,F,F,B,BI,BT,A,E,M,A,J,MD,0.585115,0.422197,0.336963,0.670373,0.585792,0.605191,0.67568,0.45883,0.66201,0.58257,0.880469,0.871011,0.354344,0.811987,2127.71
107,A,B,A,A,A,A,A,A,B,B,A,B,A,A,A,A,A,A,A,A,A,A,A,A,A,A,A,A,A,A,A,A,A,A,A,A,A,A,A,A,A,A,A,A,A,A,A,A,A,A,A,A,A,A,A,A,A,A,A,A,A,A,A,A,A,A,A,A,A,A,A,B,A,A,A,A,D,B,D,B,D,C,B,C,B,B,B,A,A,A,A,A,D,B,D,E,E,A,P,L,I,A,A,D,E,K,H,B,AB,EG,A,J,BM,A,M,CK,0.325401,0.488789,0.592681,0.473202,0.758711,0.201125,0.260915,0.24564,0.30859,0.21983,0.199654,0.214808,0.351299,0.391812,5370.72
111,A,B,A,B,A,A,A,A,B,A,A,B,A,A,A,A,A,A,A,A,A,A,B,A,A,A,A,A,A,A,A,A,A,A,A,A,A,A,A,A,A,A,A,A,A,A,A,A,A,A,A,A,A,A,A,A,A,A,A,A,A,A,A,A,A,A,A,A,A,A,A,B,A,B,A,A,D,B,B,D,D,A,D,C,B,D,B,D,A,A,B,H,C,B,C,E,A,C,T,F,F,A,A,J,F,F,G,G,BI,EG,C,S,L,A,N,LF,0.894333,0.299102,0.280933,0.713852,0.281143,0.731498,0.438285,0.75964,0.93383,0.7877,0.711942,0.714544,0.751507,0.673856,1831.24
112,B,A,A,B,A,A,A,A,A,A,A,A,A,A,A,A,A,A,A,A,A,A,A,A,B,A,A,A,A,A,A,A,A,A,A,A,A,A,A,A,A,A,A,A,A,A,A,A,A,A,A,A,A,A,A,A,A,A,A,A,A,A,A,A,A,A,A,A,A,A,A,B,A,A,A,A,D,B,B,D,D,D,B,C,B,D,B,D,A,A,A,A,C,C,C,E,A,C,T,I,A,A,A,K,F,E,H,G,BI,CS,C,A,L,A,O,LM,0.848648,0.620805,0.336963,0.705434,0.281143,0.862621,0.519514,0.96202,0.86299,0.8351,0.832976,0.832658,0.808455,0.39875,2421.69
116,A,B,A,A,A,A,A,A,B,A,A,A,A,A,A,A,A,A,A,A,A,A,A,A,A,A,A,A,A,A,A,A,A,A,A,A,A,A,A,A,A,A,A,A,A,A,A,A,A,A,A,A,A,A,A,A,A,A,A,A,A,A,A,A,A,A,A,A,A,A,A,B,A,A,A,A,D,B,B,D,D,B,D,C,B,B,B,A,A,A,A,A,D,D,C,E,D,A,K,H,D,A,A,C,D,L,J,A,K,CM,A,AN,AF,A,M,CB,0.138128,0.555782,0.527991,0.215482,0.310061,0.189484,0.245611,0.25918,0.2418,0.2123,0.169206,0.167768,0.339244,0.276837,1376.18
118,A,A,A,B,A,A,A,A,A,A,A,A,A,A,A,A,A,A,A,A,A,A,B,A,A,A,A,B,A,A,A,A,A,A,A,A,A,A,A,A,A,A,A,A,A,A,A,A,A,A,A,A,A,A,A,A,A,A,A,A,A,A,A,A,A,A,A,A,A,A,A,B,B,A,A,A,D,B,D,B,D,B,B,C,B,B,C,A,A,A,A,A,D,D,E,E,E,A,S,A,A,A,A,D,F,M,L,I,BI,EL,E,E,AK,A,N,CS,0.154787,0.737068,0.57136,0.195483,0.372405,0.206854,0.277613,0.33906,0.27393,0.37493,0.251234,0.247316,0.51666,0.799114,7703.4
125,A,A,A,B,A,B,B,B,A,A,A,A,A,A,A,A,A,A,A,A,A,A,A,A,A,A,B,A,A,B,A,A,A,A,A,A,A,A,A,A,A,A,A,A,A,A,A,A,A,B,A,A,A,A,A,A,B,A,A,A,A,A,A,A,A,A,B,A,A,A,A,A,A,A,A,A,D,B,D,B,D,B,A,C,B,A,B,A,B,A,B,H,C,D,A,E,C,A,E,F,A,C,A,G,I,F,G,H,BI,BT,E,AW,AX,C,H,HK,0.227585,0.555782,0.844219,0.432728,0.281143,0.463958,0.745362,0.68308,0.34365,0.43919,0.812519,0.800726,0.19994,0.836949,11248.08
130,A,A,A,A,B,A,A,A,A,A,A,A,A,A,A,A,A,A,A,A,A,A,A,A,A,A,A,A,A,A,A,A,A,A,A,B,A,A,A,A,A,A,A,A,A,A,A,A,A,A,A,A,A,A,A,A,A,A,A,A,A,A,A,A,A,A,A,A,A,A,A,A,B,A,B,A,D,B,B,D,B,B,A,C,B,D,B,A,A,A,B,A,C,B,C,E,C,D,T,I,A,A,B,I,F,H,K,K,BI,AI,A,F,AJ,A,P,LB,0.367378,0.358319,0.174588,0.345595,0.340543,0.585075,0.577741,0.34987,0.37458,0.48334,0.588753,0.576121,0.704052,0.740584,876.78
139,A,B,A,A,B,A,A,A,B,A,A,A,A,A,A,A,A,A,A,A,A,A,A,A,A,A,A,A,A,A,A,A,A,A,A,B,A,A,A,A,A,A,A,A,A,A,A,A,A,A,A,A,A,A,A,A,A,A,A,A,A,A,A,A,A,A,A,A,A,A,A,B,A,A,B,A,D,B,B,D,D,B,B,C,B,B,B,A,A,A,A,A,D,D,C,E,C,A,D,H,C,A,B,I,H,G,F,D,BI,AY,A,AD,AT,A,K,KQ,0.351358,0.199504,0.419161,0.373816,0.447878,0.374051,0.833411,0.5245,0.37458,0.25604,0.727671,0.714544,0.233856,0.793199,3552.53
140,A,A,A,A,A,B,A,A,A,A,A,A,A,A,A,A,A,A,A,A,A,A,A,A,A,A,A,A,A,A,A,A,A,A,A,A,A,A,A,A,A,A,A,A,A,A,A,A,A,B,A,A,A,A,A,A,A,A,A,A,A,A,A,A,A,A,A,A,A,A,A,B,B,A,A,A,D,B,B,D,D,B,B,C,B,B,B,A,A,A,A,A,D,D,A,E,C,A,F,I,A,A,A,F,E,E,F,A,BI,W,A,I,F,E,J,GS,0.347403,0.422197,0.61366,0.383428,0.372405,0.590205,0.864052,0.5245,0.34745,0.33428,0.531161,0.519456,0.253506,0.295055,1154.43
144,A,A,A,B,A,B,A,A,A,A,A,A,A,A,A,A,A,A,A,A,A,A,A,A,A,B,B,A,B,B,A,A,A,A,A,A,A,A,A,A,A,A,A,A,A,A,A,A,A,A,A,A,B,A,A,A,A,A,A,A,A,A,A,A,A,A,A,A,A,A,A,B,A,A,A,A,D,B,B,B,B,B,B,C,B,B,B,A,A,A,A,A,D,D,D,E,C,A,P,G,A,A,A,E,E,G,F,B,BI,CL,I,AV,K,E,K,DJ,0.513457,0.737068,0.54977,0.594598,0.90528,0.416181,0.408773,0.62918,0.5063,0.37493,0.338312,0.331643,0.315758,0.32148,4822.07
146,A,A,A,A,B,A,A,A,A,A,A,A,A,A,A,A,A,A,A,A,A,A,A,A,A,A,A,A,A,A,A,A,A,A,A,B,A,A,A,B,B,A,A,A,A,A,A,A,A,A,A,A,A,A,A,A,A,A,A,A,A,A,A,A,A,A,A,A,A,A,A,A,A,A,A,A,D,B,D,B,D,B,B,C,B,D,B,D,A,A,A,A,D,C,C,E,E,C,T,H,A,A,D,H,F,H,G,G,BI,EE,A,E,BM,A,O,IE,0.853789,0.555782,0.317666,0.309621,0.863,0.547545,0.431372,0.73247,0.91898,0.60932,0.592525,0.579845,0.723122,0.810941,2809.74
149,A,B,A,B,A,A,A,A,B,A,B,A,B,A,A,A,A,A,A,A,A,A,B,A,A,A,A,A,A,A,A,A,A,A,A,A,A,A,A,A,A,A,A,A,A,A,A,A,A,A,A,A,A,A,A,A,A,A,A,A,A,A,A,A,A,A,A,A,A,A,A,A,A,A,B,A,D,B,B,D,D,B,B,C,B,D,B,A,A,A,A,A,D,C,C,E,C,D,T,H,J,A,A,G,F,G,K,K,BI,BT,C,AR,AX,A,Q,HK,0.383696,0.199504,0.57136,0.432728,0.281143,0.655553,0.594714,0.54829,0.38249,0.29595,0.6075,0.630853,0.660756,0.462723,3110.41
153,B,B,A,A,A,A,A,A,B,A,A,A,A,A,A,A,A,A,A,A,A,A,A,A,A,A,A,A,A,A,A,A,A,A,A,A,A,A,A,A,A,A,A,A,A,A,A,A,A,A,A,A,A,A,A,A,A,A,A,A,A,A,A,A,A,A,A,A,A,A,A,A,B,A,A,A,D,B,B,D,D,D,C,C,B,D,B,A,A,A,A,A,D,D,C,E,A,D,T,I,D,A,A,G,F,E,G,E,BI,AC,A,AN,AT,A,L,HN,0.668933,0.488789,0.692825,0.473202,0.551723,0.777366,0.902031,0.60659,0.77327,0.74817,0.705501,0.692256,0.576071,0.270699,1301.26
156,A,B,A,B,A,A,B,A,B,B,B,A,A,A,A,A,A,A,A,A,A,A,B,A,A,A,A,A,A,A,A,A,A,A,A,A,A,A,A,A,A,A,A,A,A,A,A,A,A,A,A,A,A,A,A,A,B,A,A,A,A,A,A,A,A,A,A,A,A,A,A,B,A,A,A,A,D,B,D,B,D,A,B,C,B,D,B,A,B,A,A,A,C,D,C,D,A,C,T,N,J,A,A,K,F,E,H,G,BI,EB,C,AX,Y,A,P,LQ,0.914335,0.737068,0.317666,0.802892,0.635304,0.894682,0.671992,0.80438,0.93884,0.80218,0.82184,0.832658,0.854872,0.338507,10104.79
162,A,A,A,A,A,B,A,A,A,A,A,A,A,A,A,A,A,A,A,A,A,A,A,A,A,A,A,A,A,A,A,A,A,A,A,A,A,A,A,A,A,A,A,A,A,A,A,A,A,A,A,A,B,A,A,A,A,A,A,A,A,A,A,A,A,A,A,A,A,A,A,B,B,A,A,A,D,B,B,D,D,B,B,C,B,D,B,D,A,A,A,A,D,B,C,E,E,C,T,I,A,A,A,E,D,I,H,G,AB,EL,A,AU,BM,E,R,DS,0.670216,0.100099,0.26357,0.442784,0.281143,0.400555,0.324978,0.57771,0.69676,0.20496,0.275431,0.270746,0.63026,0.204815,858.55
166,B,A,A,A,A,B,A,A,A,A,A,A,A,A,A,A,A,A,A,A,A,A,A,A,A,A,A,A,A,A,A,A,A,A,A,A,A,A,A,A,A,A,A,A,A,A,A,A,A,B,A,A,A,A,A,A,A,A,A,A,A,A,A,A,A,A,A,A,A,A,A,A,A,A,A,A,D,B,B,D,D,D,A,C,B,B,B,A,A,A,A,A,D,D,D,E,C,A,P,A,A,A,A,G,H,H,F,B,BI,CS,A,E,BM,C,K,HK,0.475784,0.555782,0.692825,0.564742,0.78907,0.3735,0.347485,0.36083,0.44352,0.45017,0.705501,0.692256,0.339244,0.809144,692.55
167,A,B,A,A,A,A,A,B,B,A,A,A,A,A,A,A,A,A,A,A,A,A,A,A,A,A,A,A,A,A,A,A,A,A,A,A,A,A,A,A,A,A,A,A,A,A,A,A,A,A,A,A,A,A,A,A,A,A,A,A,A,A,A,A,A,B,A,A,A,A,A,A,A,A,A,A,D,B,B,D,D,B,B,C,B,C,B,A,A,A,B,H,D,C,E,E,G,E,R,F,D,B,A,G,F,G,I,F,BI,DX,A,AQ,BM,A,N,HG,0.629339,0.422197,0.54977,0.554673,0.82168,0.62026,0.450226,0.61229,0.64873,0.74396,0.569745,0.55738,0.689974,0.580748,786.26
171,A,B,A,B,A,A,A,A,B,A,A,A,A,A,A,A,A,A,A,A,A,A,B,A,A,A,A,A,A,A,A,A,A,A,A,A,A,A,A,A,A,A,A,A,A,A,A,A,A,A,A,A,A,A,A,A,A,A,A,A,A,A,A,A,A,A,A,A,A,A,A,A,A,A,A,A,D,B,B,D,D,B,B,C,B,C,B,A,A,A,B,H,D,D,E,E,G,E,R,F,D,A,A,G,F,F,I,F,BI,EB,C,AR,AE,A,N,HK,0.642763,0.422197,0.61366,0.327354,0.718531,0.688705,0.480915,0.33906,0.62542,0.73106,0.661688,0.648446,0.687115,0.422249,1028.04
172,A,A,A,A,B,A,A,A,A,A,A,A,A,A,A,A,A,A,A,A,A,A,A,A,A,A,A,A,A,A,A,A,A,A,A,B,B,B,A,A,A,A,A,B,A,A,A,A,A,A,A,A,A,A,A,A,A,A,A,A,A,A,A,A,A,A,A,A,A,A,A,A,A,A,A,A,D,B,B,D,D,B,B,C,B,C,B,A,A,A,A,A,D,D,E,E,G,E,R,J,A,A,E,G,F,G,I,F,BI,EB,A,AK,AE,A,N,HK,0.645422,0.358319,0.527991,0.327354,0.800402,0.671307,0.467134,0.33906,0.62542,0.66076,0.6075,0.594646,0.678452,0.481318,3976.75
173,B,A,A,A,A,B,A,A,A,A,A,A,A,A,A,A,A,A,A,A,A,A,A,A,A,A,A,A,A,A,A,A,A,A,A,A,A,A,A,A,A,A,A,A,A,A,A,A,A,A,B,A,B,A,A,A,A,A,A,A,A,A,A,A,A,A,A,A,A,A,A,A,A,A,B,B,D,B,B,D,D,B,B,A,B,D,B,A,A,A,G,H,D,D,C,E,C,D,T,F,A,A,A,F,E,F,J,E,BI,AC,A,L,H,J,O,GS,0.397499,0.299102,0.65431,0.284048,0.302678,0.726386,0.817418,0.53046,0.479,0.56081,0.550529,0.538473,0.648701,0.362299,1809.23
174,A,A,A,A,A,B,A,A,A,A,A,A,A,A,A,A,A,A,A,A,A,A,A,A,A,A,A,A,A,A,A,A,A,A,A,A,A,A,A,A,A,A,A,A,A,A,A,A,A,B,A,A,B,A,A,A,A,A,A,A,A,A,A,A,A,A,A,A,A,A,A,A,A,A,A,A,D,B,B,B,D,B,B,C,B,D,B,A,A,A,A,A,D,D,C,E,E,D,T,I,A,A,A,E,E,I,J,K,BI,BT,A,S,AX,F,O,DP,0.391956,0.827585,0.506105,0.452887,0.281143,0.381515,0.403892,0.72299,0.37458,0.40666,0.341813,0.335036,0.611431,0.674034,3485.99
175,A,B,A,B,B,A,A,A,B,B,A,A,A,A,A,A,A,A,A,A,A,A,B,A,A,A,A,A,A,A,A,A,A,A,A,B,A,A,A,A,A,A,A,A,A,A,A,A,A,A,A,A,A,A,A,A,A,A,A,A,A,A,A,A,A,A,A,A,A,A,A,A,A,A,A,A,D,B,B,D,D,B,B,D,B,D,B,A,A,A,A,A,D,B,C,E,A,C,T,L,F,A,B,I,E,F,I,G,BI,EB,C,AS,Y,A,O,KW,0.826591,0.555782,0.174588,0.614134,0.465115,0.817706,0.449126,0.90055,0.84847,0.80218,0.550529,0.561143,0.814573,0.725934,1510
186,A,B,A,A,B,A,A,A,A,B,A,A,A,A,A,A,A,A,A,A,A,A,A,A,A,A,A,A,A,A,A,A,A,A,A,B,A,A,A,A,A,A,A,A,A,A,A,A,A,A,A,A,A,A,A,A,A,A,A,A,A,A,A,A,A,A,A,A,A,A,A,A,B,A,A,A,D,B,B,B,D,B,B,C,B,B,B,A,A,A,A,A,C,B,D,E,C,A,P,I,C,A,B,G,F,H,F,B,CD,EG,A,S,BC,A,J,HJ,0.434106,0.299102,0.187583,0.815505,0.491114,0.334009,0.324696,0.3128,0.39648,0.38016,0.341813,0.352251,0.26115,0.67609,2906.27
191,B,A,A,A,A,B,A,A,A,A,A,A,A,A,A,A,A,A,A,A,A,A,A,A,A,A,A,A,A,A,A,A,A,A,A,A,A,A,A,A,A,A,A,A,A,A,A,A,B,B,A,A,A,A,A,A,A,A,A,A,A,A,A,A,A,A,A,A,A,A,A,A,A,A,A,A,D,B,B,B,D,B,B,C,B,D,B,A,A,A,G,H,D,D,C,G,C,D,T,F,A,A,A,G,G,G,K,K,BI,CS,A,E,BM,F,P,IT,0.421331,0.488789,0.762059,0.574758,0.805895,0.606315,0.673839,0.7508,0.39447,0.46119,0.705501,0.692256,0.672607,0.808125,7484.37
197,A,B,A,B,A,A,A,A,B,A,B,A,A,A,A,A,A,A,A,A,A,A,B,A,A,A,A,A,A,A,A,A,A,A,A,A,A,A,A,A,A,A,A,A,A,A,A,A,A,A,A,A,A,A,A,A,A,A,A,A,A,A,A,A,A,A,A,A,A,A,A,B,A,A,A,A,D,B,B,D,D,B,D,C,B,C,B,A,A,A,A,A,D,D,E,E,A,E,R,H,G,A,A,G,E,H,I,F,BI,CL,C,AH,AY,A,O,HJ,0.648072,0.15999,0.230975,0.614134,0.281143,0.568426,0.488064,0.40028,0.66201,0.47779,0.396226,0.387819,0.666708,0.25412,1140.81
200,A,A,A,A,B,A,A,A,A,A,A,A,A,A,A,A,A,A,A,A,A,A,A,A,A,A,A,A,A,A,A,A,A,A,A,A,A,A,A,A,A,A,A,B,A,A,A,A,A,A,A,A,A,A,A,A,A,A,A,A,A,A,A,A,A,A,A,A,A,A,A,A,A,A,A,A,D,B,B,D,D,B,B,C,B,D,B,A,A,A,B,H,D,C,C,D,A,D,T,F,A,A,B,K,F,E,K,K,BI,CL,A,AN,AD,A,P,LN,0.655966,0.555782,0.336963,0.738221,0.281143,0.894903,0.76938,0.819,0.58325,0.80569,0.843548,0.832658,0.866072,0.261416,595.15
202,A,A,A,A,B,A,A,A,A,A,A,A,A,A,A,A,A,A,A,A,A,A,A,A,A,A,A,A,A,A,A,A,A,A,A,A,A,A,A,A,A,A,A,B,A,B,A,A,A,A,A,A,A,A,A,A,A,A,A,A,A,A,A,A,A,A,A,A,A,A,A,B,A,A,A,B,D,B,B,D,D,B,C,A,B,D,B,A,A,A,G,H,D,D,C,D,A,D,T,N,A,A,C,K,F,F,K,K,BI,CS,A,E,L,A,P,LN,0.655966,0.681761,0.298977,0.761209,0.372405,0.862203,0.750017,0.82252,0.58325,0.80569,0.82184,0.810292,0.867611,0.808698,3343.49
205,A,B,A,A,A,A,A,A,B,B,A,B,A,A,A,A,A,A,A,A,A,A,A,A,A,A,A,A,A,A,A,A,A,A,A,A,A,A,A,A,A,A,A,A,A,A,A,A,A,A,A,A,A,A,A,A,A,A,A,A,A,A,A,A,A,A,A,A,A,A,A,B,A,A,A,A,D,B,B,D,D,B,B,C,B,B,B,A,A,A,A,A,D,D,D,E,C,A,P,L,I,A,A,E,F,G,F,B,BI,CL,A,AV,A,A,J,DJ,0.424162,0.737068,0.80643,0.259793,0.525831,0.411902,0.593548,0.31796,0.38846,0.48889,0.457203,0.447145,0.301535,0.312236,5112.89
207,B,A,A,A,B,A,A,A,A,A,A,A,A,A,A,A,A,A,A,A,A,A,A,A,A,A,A,A,A,A,A,A,A,A,A,A,B,A,A,A,A,A,A,A,A,A,A,A,A,A,A,A,A,A,A,A,A,A,A,A,A,A,A,A,A,A,A,A,A,A,B,A,A,A,A,A,D,B,B,D,D,B,B,C,B,B,B,A,A,A,G,H,D,D,C,E,C,A,D,F,A,A,B,D,F,F,F,D,BI,CI,A,N,F,A,I,CW,0.375501,0.737068,0.944251,0.412789,0.517162,0.500353,0.761136,0.59512,0.42289,0.52221,0.4961,0.485119,0.233856,0.603737,1432.34
208,A,B,A,A,A,A,A,A,B,A,A,A,A,A,A,A,A,A,A,A,A,A,A,A,A,A,A,A,A,A,A,A,A,A,A,A,A,A,A,A,A,A,A,A,A,A,A,A,A,A,A,A,A,A,A,A,A,A,A,A,A,A,A,A,A,A,A,A,A,A,A,A,A,A,A,A,D,B,B,D,D,B,B,C,B,D,B,A,A,A,A,A,D,D,C,D,A,D,T,L,D,A,A,I,E,F,K,K,BI,CO,A,N,AJ,A,P,LC,0.465671,0.555782,0.174588,0.412789,0.340543,0.789339,0.605161,0.37754,0.44767,0.61984,0.588753,0.576121,0.768525,0.602285,425.77
212,B,B,A,A,A,A,A,B,B,B,A,A,A,A,A,A,A,A,A,A,A,A,A,A,A,A,A,A,A,A,A,A,A,A,A,A,A,A,A,A,A,A,A,A,A,A,A,A,A,A,A,A,A,A,A,A,A,A,A,A,A,A,A,A,A,B,A,A,A,A,A,A,B,A,B,A,D,B,B,D,D,B,D,C,B,D,B,D,A,A,A,A,D,B,C,E,A,C,T,I,G,B,A,I,E,G,H,G,BI,EB,A,AH,Y,A,P,KW,0.883459,0.358319,0.201309,0.614134,0.473767,0.750452,0.53317,0.46477,0.90483,0.82249,0.550529,0.590961,0.842905,0.255789,703.15
215,A,A,A,A,B,A,A,A,A,A,A,A,A,A,A,A,A,A,A,A,A,A,A,A,A,A,A,A,A,A,A,A,A,A,A,B,A,A,A,A,A,A,A,A,A,A,A,A,A,A,A,A,A,A,A,A,A,A,A,A,A,A,A,A,A,A,A,A,A,A,A,B,A,A,B,A,D,B,D,B,C,B,C,A,B,C,B,A,A,A,G,H,D,B,E,E,A,E,R,J,A,A,B,H,D,G,I,F,BI,DT,A,AH,N,A,N,HX,0.625272,0.127059,0.139862,0.50382,0.388783,0.601533,0.618825,0.32317,0.64873,0.71775,0.377724,0.369858,0.684242,0.256475,1997.58
218,B,A,A,B,A,B,A,A,A,A,A,A,A,A,A,A,A,A,A,A,A,A,A,A,A,A,B,A,A,A,A,A,A,A,A,A,A,A,A,A,A,A,A,A,A,A,A,A,A,B,A,A,A,A,A,A,A,A,A,A,A,A,A,A,A,A,A,A,A,A,A,A,A,A,A,A,D,B,B,D,D,D,B,A,B,D,B,D,A,A,G,H,D,C,C,E,A,C,T,J,A,A,A,J,F,F,H,G,BI,EG,C,K,AD,C,O,LF,0.8464,0.620805,0.356819,0.705434,0.281143,0.797815,0.422919,0.94403,0.86299,0.8351,0.73986,0.772574,0.810511,0.365083,2205.52
222,A,B,B,B,A,A,B,B,B,B,B,B,B,A,A,B,A,A,A,A,A,A,B,B,A,A,A,B,A,A,A,A,A,A,A,A,A,A,A,A,A,A,A,A,A,A,A,A,A,A,A,A,A,A,A,A,B,A,A,A,A,A,A,A,A,B,A,A,A,A,B,B,A,A,A,A,D,B,D,B,D,B,B,C,B,B,B,A,B,B,A,A,C,D,C,E,C,A,D,L,O,C,A,F,I,F,F,D,BI,CS,G,AH,H,A,J,GX,0.372785,0.785784,0.944251,0.383428,0.281143,0.458113,0.862654,0.73247,0.43111,0.36974,0.843548,0.832658,0.236253,0.236756,11706.75
223,A,B,A,A,A,A,A,A,B,A,A,A,A,A,A,A,A,A,A,A,A,A,A,A,A,A,A,A,A,A,A,A,A,A,A,A,A,A,A,A,A,A,A,A,A,A,A,A,A,A,A,A,A,A,A,A,A,A,A,A,A,A,A,A,A,A,A,A,A,A,A,A,A,A,A,A,D,B,B,D,D,B,B,C,B,D,B,A,A,A,G,H,D,D,C,E,C,D,T,L,D,A,A,G,E,G,K,K,BI,CO,A,E,AE,A,N,HK,0.458463,0.555782,0.54977,0.327354,0.732367,0.707294,0.566385,0.35533,0.38249,0.74817,0.622276,0.609277,0.731059,0.826299,796.76
225,A,A,A,A,A,B,A,A,A,A,A,A,A,A,A,A,A,A,A,A,A,A,A,A,A,A,A,A,A,A,A,A,A,A,A,A,A,A,A,A,A,A,A,A,A,A,A,A,A,B,A,A,A,A,A,A,A,A,A,A,A,A,A,A,A,A,A,A,A,A,A,B,A,A,A,A,D,B,B,D,D,B,C,A,B,D,B,D,A,A,A,A,D,D,C,E,E,C,T,K,A,A,A,H,F,H,H,G,BI,EL,A,AW,Y,C,P,GE,0.676593,0.785784,0.201309,0.50382,0.674529,0.48977,0.478205,0.48864,0.7628,0.42828,0.480509,0.469884,0.654753,0.837951,17355.29
226,B,A,A,B,A,A,A,A,A,A,A,A,A,A,A,A,A,A,A,A,A,A,A,A,B,A,A,A,A,A,A,A,A,A,A,A,A,A,A,A,A,A,A,A,A,A,A,A,A,A,A,A,A,A,A,A,A,A,A,A,A,A,A,A,A,A,A,A,A,A,A,A,B,A,B,A,D,B,B,D,B,A,A,C,B,D,B,D,A,A,A,A,C,B,C,E,E,C,T,K,A,A,A,E,E,J,G,G,BI,A,C,J,BM,A,P,DJ,0.667647,0.358319,0.317666,0.534409,0.281143,0.292074,0.269473,0.566,0.69676,0.20496,0.251234,0.247316,0.506666,0.376957,515
228,A,A,A,B,A,B,A,A,A,A,A,A,A,A,A,A,A,A,A,A,A,A,A,A,A,A,B,A,A,A,A,A,A,A,A,A,A,A,A,A,A,A,A,A,A,A,A,A,B,B,A,B,B,A,A,A,A,A,A,A,A,A,A,A,A,A,A,A,A,A,A,B,A,A,A,A,D,B,B,D,D,B,B,D,B,B,B,A,A,A,A,A,D,D,D,E,C,A,P,K,A,A,A,G,H,H,F,B,BI,CS,C,K,AE,L,K,HK,0.558141,0.827585,0.692825,0.327354,0.87101,0.360659,0.418469,0.26847,0.46226,0.50556,0.715131,0.701926,0.345247,0.241049,8537.33
232,A,B,A,A,A,A,A,A,B,A,A,A,A,A,A,A,A,A,A,A,A,A,A,A,A,A,A,A,A,A,A,A,A,A,A,A,A,A,A,A,A,A,A,A,A,A,A,A,A,A,A,A,A,A,A,A,A,A,A,A,A,A,A,A,A,A,A,A,A,A,A,B,A,A,B,A,D,B,B,D,D,B,B,D,B,B,B,A,A,A,C,A,D,B,D,E,E,A,P,M,D,A,A,D,D,L,G,B,AB,C,A,O,BG,A,L,CP,0.32286,0.15999,0.215772,0.176921,0.288217,0.166292,0.238818,0.24123,0.30859,0.20137,0.148392,0.147518,0.258586,0.48706,817.74
233,A,B,A,A,B,A,A,A,A,A,A,A,B,A,A,A,A,A,A,A,A,A,A,A,A,A,A,A,A,A,A,A,A,A,A,B,A,B,A,A,A,A,A,A,A,A,A,A,A,A,A,A,A,A,A,A,A,A,A,A,A,A,A,A,A,A,A,A,A,A,A,B,A,A,A,A,D,B,B,D,D,B,B,C,B,B,B,A,A,A,C,A,D,D,E,E,A,A,T,G,C,A,C,F,F,F,H,D,BI,EG,A,U,BO,A,M,HB,0.494613,0.620805,0.634224,0.336414,0.473767,0.612473,0.751956,0.37194,0.47481,0.53881,0.588753,0.579845,0.503333,0.297232,2585.55
237,B,A,A,A,B,A,A,A,A,A,A,A,A,A,A,A,A,A,A,A,A,A,A,A,A,A,A,A,A,A,A,A,A,A,A,B,A,B,A,A,A,A,A,B,A,A,A,A,A,A,A,A,A,A,A,A,A,A,A,A,A,A,A,A,A,A,A,A,A,A,A,A,A,A,A,A,D,B,B,D,C,A,A,C,B,B,B,A,A,A,A,A,C,D,D,E,A,A,P,I,A,A,D,E,E,G,F,D,BI,EG,A,J,H,A,K,GI,0.458463,0.299102,0.634224,0.215482,0.281143,0.426216,0.78775,0.36083,0.4874,0.40666,0.3925,0.384201,0.298734,0.383437,5608.84
244,A,A,B,A,A,B,A,A,A,A,A,A,A,A,A,A,A,A,A,A,B,A,A,A,A,A,A,A,A,A,A,A,A,A,A,A,A,A,A,A,A,A,A,A,A,A,A,A,A,B,A,B,B,A,A,A,A,A,A,A,A,A,A,A,A,A,A,A,A,A,B,B,A,A,B,A,D,B,B,B,D,B,B,C,B,B,B,A,A,B,A,A,D,D,E,E,A,A,S,K,A,A,A,E,F,F,H,D,BI,BT,A,F,F,N,K,GM,0.478678,0.245921,0.90167,0.373816,0.364322,0.636189,0.818227,0.5006,0.427,0.6852,0.644013,0.630853,0.470036,0.743712,3608.45
245,B,A,A,A,B,A,A,A,A,A,A,A,A,A,A,A,A,A,A,A,A,A,A,A,A,A,A,A,A,A,A,A,A,A,A,B,A,A,A,A,A,A,A,A,A,A,A,A,A,A,A,A,A,A,A,A,A,A,A,A,A,A,A,A,A,A,A,A,A,A,A,A,A,A,A,A,D,B,B,D,D,C,B,A,B,B,B,A,A,A,G,H,D,D,D,E,E,A,P,F,A,A,B,D,E,J,G,B,BI,CO,A,AS,AS,A,L,CR,0.356663,0.785784,0.634224,0.373816,0.517162,0.270447,0.313651,0.5006,0.33611,0.3148,0.257148,0.26476,0.339244,0.709599,2221.7
248,A,B,A,A,A,A,A,A,B,A,A,A,B,A,A,A,A,A,A,A,A,A,A,A,A,A,A,A,A,A,A,A,A,A,A,A,A,A,A,A,A,A,A,A,A,A,A,A,A,A,A,A,A,A,A,A,A,A,A,A,A,A,A,A,A,A,A,A,A,A,A,A,A,A,A,A,D,B,B,D,D,B,A,C,B,D,B,D,A,A,B,A,D,C,C,E,E,C,T,I,F,A,A,H,F,H,H,G,BI,A,A,C,BM,A,O,IE,0.730887,0.422197,0.356819,0.309621,0.725503,0.531477,0.400333,0.67787,0.79047,0.60932,0.625936,0.612906,0.723122,0.771219,2087.19
259,A,A,A,A,B,A,A,A,A,A,A,A,A,A,A,A,A,A,A,A,A,A,A,A,A,A,A,A,A,A,A,A,A,A,A,A,A,A,A,A,A,A,B,B,A,A,A,A,A,A,A,A,A,A,A,A,A,A,A,A,A,A,A,A,A,A,A,A,A,A,A,A,A,A,A,A,D,B,B,D,D,A,A,C,B,D,B,D,A,A,B,B,C,B,C,E,A,C,T,N,A,A,C,L,F,E,G,G,BI,EG,A,K,L,A,O,JR,0.936238,0.299102,0.215772,0.284048,0.281143,0.892895,0.600719,0.88205,0.96909,0.82889,0.797841,0.832658,0.824432,0.360817,6213.76
260,B,B,A,A,A,B,A,A,B,A,A,A,A,A,A,A,A,A,A,A,A,A,A,A,A,A,A,A,A,A,A,A,A,A,A,A,A,A,A,A,A,A,A,A,A,A,A,A,A,B,A,A,A,A,A,A,A,A,A,A,A,A,A,A,A,A,A,A,A,A,A,A,B,A,A,A,D,B,B,D,D,B,B,C,B,B,B,A,A,A,G,H,D,D,C,E,C,A,D,I,C,A,A,G,J,H,F,H,BI,W,A,A,BD,C,I,HJ,0.278999,0.127059,0.844219,0.345595,0.302678,0.282443,0.985762,0.24123,0.1638,0.33428,0.787589,0.775245,0.177507,0.400594,2533.1
276,A,B,A,A,A,A,A,A,B,A,A,B,B,A,A,A,A,A,A,A,A,A,A,A,A,A,A,A,A,A,A,A,A,A,A,A,A,A,A,A,A,A,A,A,A,A,A,A,A,A,A,A,A,A,A,A,A,A,A,A,A,A,A,A,A,A,A,A,A,A,A,B,A,A,A,A,D,B,B,D,D,B,B,C,B,B,B,A,A,A,A,A,C,D,D,E,C,A,P,J,J,A,A,E,E,H,F,B,BI,CS,A,AF,BM,A,K,DP,0.475784,0.785784,0.592681,0.614134,0.78323,0.3735,0.381883,0.36083,0.44352,0.45017,0.338312,0.366307,0.339244,0.211291,15495.88
277,A,A,A,A,A,B,A,A,A,A,A,A,A,A,A,A,A,A,A,A,A,A,A,A,A,A,A,A,A,A,A,A,A,A,A,A,A,A,A,A,A,A,A,A,A,A,A,A,A,B,A,A,B,A,A,A,A,A,A,A,A,A,A,A,A,A,A,A,A,A,A,A,A,A,B,A,D,B,B,D,D,D,B,C,B,B,B,A,A,A,A,A,D,D,D,E,C,A,P,K,A,A,A,G,I,G,G,D,BI,EG,A,E,AN,J,J,HK,0.348719,0.488789,0.844219,0.229617,0.281143,0.448496,0.723522,0.36083,0.40657,0.40666,0.812519,0.800726,0.287682,0.818705,6806.02
285,A,A,A,A,B,A,A,A,A,A,A,A,A,A,A,A,A,A,A,A,A,A,A,A,A,A,A,A,A,A,A,A,A,A,A,A,A,A,A,B,A,A,A,A,A,A,A,A,A,A,A,A,A,A,A,A,A,A,A,A,A,A,A,A,A,A,A,A,A,A,A,A,A,A,A,A,D,B,B,B,B,B,B,C,B,D,B,A,A,A,B,H,C,D,C,E,E,D,T,F,A,A,B,E,E,J,L,K,BI,CO,A,AS,Y,A,P,DP,0.281338,0.737068,0.506105,0.670373,0.577339,0.383459,0.406509,0.81542,0.32128,0.41743,0.345331,0.338446,0.660756,0.730466,2886.03
289,A,A,A,A,B,A,A,A,A,A,A,A,A,A,A,A,A,A,A,A,A,A,A,A,A,A,A,A,A,A,A,A,A,A,A,A,B,B,A,A,A,A,A,B,A,A,A,A,A,A,A,A,A,A,A,A,A,A,A,A,A,A,A,A,A,A,A,A,A,A,A,A,A,A,A,A,D,B,B,D,B,B,B,C,B,D,B,A,A,A,B,H,D,D,C,E,C,D,T,F,A,A,D,G,F,F,K,E,BI,EG,A,J,AT,A,P,HN,0.465671,0.620805,0.692825,0.473202,0.525831,0.764704,0.868679,0.53642,0.55648,0.64056,0.705501,0.692256,0.758902,0.38458,4383.9
291,A,B,A,A,B,A,A,A,B,A,A,A,A,A,A,A,A,A,A,A,A,A,A,A,A,A,A,A,A,A,A,A,A,A,A,B,A,A,A,A,A,A,A,A,A,A,A,A,A,A,A,A,A,A,A,A,A,A,A,A,A,A,A,A,A,A,A,A,A,A,A,A,A,A,A,A,D,B,B,D,C,B,B,C,B,C,B,A,A,A,A,A,D,D,E,E,G,E,R,H,C,A,B,G,F,F,I,F,BI,EG,A,N,AE,A,N,HK,0.657274,0.620805,0.54977,0.327354,0.422268,0.690467,0.505211,0.33906,0.62542,0.73106,0.622276,0.609277,0.687115,0.598769,487.17
292,B,B,A,B,A,A,A,A,B,A,B,A,A,A,A,A,A,A,A,A,A,A,B,A,B,A,A,A,A,A,A,A,A,A,A,A,A,A,A,A,A,A,A,A,A,A,A,A,A,A,A,A,A,A,A,A,A,A,A,A,A,A,A,A,A,A,A,A,A,A,A,A,A,A,B,A,D,B,B,D,D,D,B,C,B,B,B,A,A,A,B,H,A,B,D,E,A,A,P,F,F,A,A,F,E,G,F,B,BI,EG,E,AP,I,A,J,HA,0.552413,0.078346,0.201309,0.696873,0.302678,0.39689,0.303856,0.23688,0.43731,0.50556,0.291268,0.301921,0.312885,0.356103,1018.56
293,A,B,A,A,A,A,A,A,B,A,A,A,A,A,A,A,A,A,A,A,A,A,A,A,A,A,A,A,A,A,A,A,A,A,A,A,A,A,A,A,A,A,A,A,A,A,A,A,A,A,A,A,A,A,A,A,A,A,A,A,A,A,A,A,A,A,A,A,A,A,A,B,A,A,A,A,D,B,B,D,D,B,B,C,B,D,B,A,A,A,A,A,D,D,C,E,E,D,T,L,D,A,A,E,E,I,K,K,BI,EG,A,AV,AE,A,O,DJ,0.32033,0.681761,0.527991,0.373816,0.302678,0.408772,0.374687,0.32843,0.32128,0.44467,0.327915,0.32157,0.605077,0.310629,942.93
298,A,A,A,A,A,B,A,A,A,A,A,A,A,A,A,A,A,A,A,A,A,A,A,A,A,A,A,A,A,A,A,A,A,A,A,A,A,A,A,A,A,A,A,A,A,A,A,A,A,A,A,B,A,B,A,A,A,A,A,A,A,A,A,A,A,A,A,A,A,A,A,A,A,A,A,A,D,B,B,D,D,B,B,A,B,B,B,A,A,A,G,H,D,D,D,E,C,A,P,F,A,A,A,E,E,H,F,B,BI,CS,A,AH,BM,F,K,DJ,0.475784,0.555782,0.462347,0.534409,0.889301,0.3735,0.347485,0.36083,0.44352,0.45017,0.291268,0.295524,0.339244,0.256692,2155.94
306,A,A,A,A,B,B,A,A,A,A,A,A,A,A,A,A,A,A,A,A,A,A,A,A,A,A,A,A,A,A,A,A,A,A,A,A,B,A,A,A,A,A,A,A,A,A,A,A,A,A,A,B,A,A,A,A,A,A,A,A,A,A,A,A,A,A,A,A,A,A,A,A,B,A,A,A,D,B,B,D,D,B,B,C,B,C,B,A,A,A,A,A,D,C,E,E,G,E,R,I,A,A,B,G,E,G,I,F,BI,EG,A,AH,L,E,P,HK,0.690392,0.422197,0.280933,0.789639,0.372405,0.637821,0.452425,0.94651,0.68237,0.46672,0.453334,0.443374,0.704052,0.25463,1578.3
308,A,A,A,B,A,B,A,A,A,A,A,A,A,A,A,A,A,A,A,A,A,A,A,A,A,A,B,A,A,A,A,A,A,A,A,A,A,A,A,A,A,A,A,A,A,A,A,A,B,B,A,A,A,A,A,A,A,A,A,A,A,A,A,A,A,A,A,A,A,A,A,A,B,A,A,A,D,B,B,D,D,A,A,C,B,D,B,A,A,A,A,A,C,D,C,E,C,D,T,I,A,A,A,G,G,H,K,K,BI,DK,C,U,AF,F,N,HK,0.403067,0.785784,0.728827,0.24439,0.585792,0.550457,0.480422,0.2926,0.38249,0.59869,0.730752,0.717648,0.660756,0.296318,887.54
316,A,A,A,B,A,A,A,A,A,A,A,A,A,A,A,A,A,A,A,A,A,A,A,A,A,A,B,A,A,A,B,A,A,A,A,A,A,A,A,A,A,A,A,A,A,A,A,A,A,A,A,A,A,A,A,A,A,A,A,A,A,A,A,A,A,A,A,A,A,A,A,A,B,A,A,A,D,B,A,D,D,B,B,C,B,B,B,A,A,A,A,A,D,D,C,E,C,A,D,I,A,A,A,E,F,H,F,A,BI,EG,E,U,AE,A,J,DJ,0.500412,0.620805,0.728827,0.373816,0.718531,0.362016,0.426778,0.25918,0.41471,0.51111,0.415029,0.40609,0.295948,0.299084,1761.22
318,B,A,A,A,A,B,A,A,A,A,A,A,A,A,A,A,A,A,A,A,A,A,A,A,A,A,A,A,A,A,A,A,A,A,A,A,A,A,A,A,A,A,A,A,A,A,A,A,A,B,A,A,A,A,A,A,A,A,A,A,A,A,A,A,A,A,A,A,A,A,A,A,B,A,A,A,D,B,A,D,D,B,B,C,B,B,B,A,A,A,A,A,D,D,D,E,C,A,P,I,A,A,A,F,G,I,F,B,BI,V,A,AV,BM,E,K,GS,0.475784,0.358319,0.54977,0.383428,0.696981,0.326207,0.365369,0.36083,0.39849,0.39599,0.4922,0.481306,0.339244,0.303323,38.4
319,A,A,A,A,B,A,A,A,A,A,A,A,A,A,A,A,A,A,A,A,A,A,A,A,A,A,A,A,A,A,A,A,A,A,A,B,A,A,A,A,A,A,A,A,A,A,A,A,A,A,A,A,A,A,A,A,A,A,A,A,A,A,A,A,A,A,A,A,A,A,B,A,A,A,A,A,D,B,B,D,D,B,D,C,B,B,B,A,A,A,A,A,D,D,D,E,C,A,P,H,A,A,B,D,G,H,G,D,BI,EG,A,AV,BF,A,K,EE,0.380957,0.620805,0.944251,0.195483,0.473767,0.349617,0.584349,0.25461,0.36285,0.31003,0.4922,0.481306,0.295948,0.303433,1231.34
320,B,B,A,B,A,A,A,A,B,A,A,A,A,A,A,A,A,A,A,A,A,A,B,A,A,A,A,A,A,A,A,A,A,A,A,A,A,A,A,A,A,A,A,A,A,A,A,A,A,A,A,A,A,A,A,A,A,A,A,A,A,A,A,A,A,A,A,A,A,A,A,B,A,A,A,A,D,B,B,D,D,B,B,A,B,B,B,A,A,A,G,H,D,D,D,E,C,A,P,O,D,A,A,F,H,H,F,B,BI,EB,C,AH,AE,A,K,GS,0.480125,0.358319,0.745801,0.309621,0.61906,0.317735,0.362399,0.26847,0.41471,0.43919,0.6075,0.594646,0.315758,0.236604,442.16
322,B,A,A,B,A,A,A,A,A,A,A,A,A,A,A,A,A,A,A,A,A,A,A,A,B,A,A,A,A,A,A,A,A,A,A,A,A,A,A,A,A,A,A,A,A,A,A,A,A,A,A,A,A,A,A,A,A,A,A,A,A,A,A,A,A,A,A,A,A,A,A,A,A,A,A,A,D,B,B,D,D,D,B,C,B,D,B,A,A,A,A,A,C,D,C,E,C,D,T,I,A,A,A,F,F,F,J,E,BI,CL,C,AH,F,A,M,HB,0.376862,0.737068,0.80643,0.393132,0.627218,0.636189,0.763817,0.61229,0.46853,0.57716,0.711942,0.698722,0.572812,0.255006,824.47
324,A,B,A,A,A,B,A,A,B,A,A,A,A,A,A,A,A,A,A,A,A,A,A,A,A,A,A,A,A,A,A,A,A,A,A,A,A,A,A,A,A,A,A,A,A,A,A,A,A,B,A,A,A,A,A,A,A,A,A,A,A,A,A,A,A,A,A,A,A,A,A,A,A,A,B,A,D,B,B,D,D,B,A,C,B,D,B,A,A,A,C,A,D,B,C,E,E,D,T,M,D,A,A,D,D,K,M,K,K,C,A,E,BK,E,P,CR,0.165709,0.199504,0.419161,0.208655,0.295397,0.301151,0.318537,0.34445,0.22969,0.23545,0.209813,0.207184,0.569546,0.820723,4199.37
325,A,B,A,A,B,B,A,A,B,A,A,A,A,A,A,A,A,A,A,A,A,A,A,A,A,A,A,A,A,A,A,A,A,A,A,B,B,B,A,A,A,A,A,B,A,A,A,A,A,B,A,A,A,A,A,A,A,A,A,A,A,A,A,A,A,A,A,A,A,A,A,A,B,A,A,A,D,B,B,D,B,B,B,C,B,B,B,A,A,A,A,A,D,D,D,E,C,A,P,I,C,A,E,G,H,H,F,B,BI,EG,A,AH,AE,C,K,HK,0.54667,0.620805,0.692825,0.327354,0.87101,0.364464,0.39101,0.26847,0.46226,0.50556,0.705501,0.692256,0.345247,0.235493,4837.14
327,A,A,A,A,B,A,A,A,A,A,A,A,A,A,A,A,A,A,A,A,A,A,A,A,A,A,A,A,A,A,A,A,A,A,A,A,A,B,A,A,A,A,A,A,A,A,A,A,A,A,A,A,A,A,A,A,A,A,A,A,A,A,A,A,A,A,A,A,A,A,A,B,A,A,A,A,D,B,B,D,C,A,A,C,B,D,B,A,A,A,A,A,C,B,C,E,E,D,T,H,A,A,B,D,E,K,M,K,AB,DX,A,U,BM,A,P,CR,0.192978,0.299102,0.634224,0.54456,0.281143,0.274644,0.360349,0.60087,0.23569,0.27777,0.269248,0.26476,0.605077,0.296812,2284.39
333,A,A,A,A,A,B,A,A,A,A,A,A,A,A,A,A,A,A,A,A,A,A,A,A,A,A,A,A,A,A,A,A,A,A,A,A,A,A,A,A,A,A,A,A,A,A,A,A,A,B,A,B,A,A,A,A,A,A,A,A,A,A,A,A,A,A,A,A,A,A,A,B,A,A,A,A,D,B,B,D,D,B,B,C,B,B,B,A,A,A,A,A,D,B,D,E,C,A,P,B,A,A,A,G,I,I,F,B,BI,AI,A,F,AX,J,K,HK,0.520698,0.422197,0.634224,0.432728,0.508483,0.314683,0.370419,0.58354,0.46226,0.38016,0.644013,0.665644,0.339244,0.746686,1246.38
335,A,A,B,A,A,B,A,A,A,A,A,A,A,A,A,A,A,A,B,A,A,A,A,A,A,A,A,A,A,A,A,A,A,A,A,A,A,A,A,A,A,A,A,A,A,A,A,A,B,B,A,A,A,A,A,A,A,A,A,A,A,A,A,A,A,A,A,A,A,A,A,B,A,A,A,A,D,B,B,B,D,B,B,C,B,D,B,A,A,B,A,A,D,D,C,E,C,D,T,H,A,A,A,G,F,F,J,K,BI,EB,A,N,Y,J,M,HK,0.425579,0.620805,0.673861,0.809278,0.525831,0.665573,0.536976,0.92176,0.4832,0.67065,0.695685,0.682413,0.633362,0.604892,8581.98
337,A,A,A,A,A,A,A,A,A,A,A,A,A,A,A,A,A,A,A,A,A,A,A,A,A,A,A,A,A,A,A,A,A,A,A,A,A,A,A,A,A,A,A,A,A,A,A,A,A,A,A,A,A,A,A,A,A,A,A,A,A,A,A,A,A,A,A,A,A,A,A,B,A,A,B,C,B,A,A,A,A,A,A,C,A,B,A,A,A,A,A,A,C,A,D,E,E,A,P,H,A,A,A,E,D,I,F,B,BI,BT,A,AF,BO,A,L,BA,0.485918,0.028177,0.174588,0.229617,0.281143,0.290374,0.439501,0.26847,0.34365,0.23545,0.17816,0.176469,0.293178,0.21148,559.54
